"","id","stsamp","endsamp","beats","secs","afib","ss","sr","sl","rs","rr","rl","ls","lr","ll"
"1","08434","318","11438","51","45.316","FALSE","0","0","0","0","1","0","0","0","0"
"2","08434","11438","22862","49","45.696","FALSE","0","0.0204081632653061","0","0","0.938775510204082","0.0204081632653061","0.0204081632653061","0","0"
"3","08434","22862","34257","49","45.58","FALSE","0","0.0612244897959184","0","0","0.816326530612245","0.0612244897959184","0.0612244897959184","0","0"
"4","08434","34257","45689","49","45.728","FALSE","0","0.0408163265306122","0","0","0.877551020408163","0.0408163265306122","0.0408163265306122","0","0"
"5","08434","45689","56993","49","45.216","FALSE","0","0","0","0","1","0","0","0","0"
"6","08434","56993","68362","49","45.476","FALSE","0","0","0","0","1","0","0","0","0"
"7","08434","68362","79734","50","45.488","FALSE","0","0","0","0","1","0","0","0","0"
"8","08434","79734","91091","48","45.428","FALSE","0","0","0","0","1","0","0","0","0"
"9","08434","91091","102501","48","45.64","FALSE","0","0","0","0","1","0","0","0","0"
"10","08434","102501","113822","48","45.284","FALSE","0","0","0","0","1","0","0","0","0"
"11","08434","113822","125159","52","45.348","FALSE","0.0576923076923077","0.0192307692307692","0","0","0.846153846153846","0.0192307692307692","0.0192307692307692","0","0.0384615384615385"
"12","08434","125159","136458","47","45.196","FALSE","0","0.0212765957446809","0","0","0.936170212765957","0.0212765957446809","0.0212765957446809","0","0"
"13","08434","136458","147914","48","45.824","FALSE","0","0","0","0","1","0","0","0","0"
"14","08434","147914","159283","48","45.476","FALSE","0","0","0","0","1","0","0","0","0"
"15","08434","159283","170578","49","45.18","FALSE","0","0","0","0","1","0","0","0","0"
"16","08434","170578","182004","49","45.704","FALSE","0","0.0204081632653061","0","0","0.938775510204082","0.0204081632653061","0.0204081632653061","0","0"
"17","08434","182004","193378","49","45.496","FALSE","0","0","0","0","1","0","0","0","0"
"18","08434","193378","204784","50","45.624","FALSE","0","0","0","0","1","0","0","0","0"
"19","08434","204784","216045","49","45.044","FALSE","0","0.0204081632653061","0","0","0.938775510204082","0.0204081632653061","0.0204081632653061","0","0"
"20","08434","216045","227405","49","45.44","FALSE","0","0","0","0","1","0","0","0","0"
"21","08434","227405","238794","50","45.556","FALSE","0","0.02","0","0","0.94","0.02","0.02","0","0"
"22","08434","238794","250220","49","45.704","FALSE","0","0.0204081632653061","0","0","0.938775510204082","0.0204081632653061","0.0204081632653061","0","0"
"23","08434","250220","261560","50","45.36","FALSE","0","0","0","0","1","0","0","0","0"
"24","08434","261560","272951","49","45.564","FALSE","0","0","0","0","1","0","0","0","0"
"25","08434","272951","284340","50","45.556","FALSE","0","0","0","0","1","0","0","0","0"
"26","08434","284340","295778","51","45.752","FALSE","0","0.0196078431372549","0","0","0.941176470588235","0.0196078431372549","0.0196078431372549","0","0"
"27","08434","295778","307111","49","45.332","FALSE","0","0","0","0","1","0","0","0","0"
"28","08434","307111","318450","49","45.356","FALSE","0","0","0","0","1","0","0","0","0"
"29","08434","318450","329790","49","45.36","FALSE","0","0.0204081632653061","0","0","0.938775510204082","0.0204081632653061","0.0204081632653061","0","0"
"30","08434","329790","341214","50","45.696","FALSE","0","0.04","0","0","0.88","0.04","0.04","0","0"
"31","08434","341214","352495","50","45.124","FALSE","0","0.02","0","0.02","0.96","0","0","0","0"
"32","08434","352495","363968","50","45.892","FALSE","0","0","0","0","1","0","0","0","0"
"33","08434","363968","375235","49","45.068","FALSE","0","0.0816326530612245","0","0","0.755102040816326","0.0816326530612245","0.0816326530612245","0","0"
"34","08434","375235","386580","50","45.38","FALSE","0","0","0","0","1","0","0","0","0"
"35","08434","386580","397892","51","45.248","FALSE","0","0.0392156862745098","0","0","0.862745098039216","0.0588235294117647","0.0392156862745098","0","0"
"36","08434","397892","409360","50","45.872","FALSE","0","0.08","0","0.02","0.8","0.04","0.06","0","0"
"37","08434","409360","420749","50","45.556","FALSE","0","0","0","0","1","0","0","0","0"
"38","08434","420749","432034","50","45.14","FALSE","0","0","0","0","1","0","0","0","0"
"39","08434","432034","443499","53","45.86","FALSE","0","0.0377358490566038","0","0","0.886792452830189","0.0377358490566038","0.0377358490566038","0","0"
"40","08434","443499","454899","55","45.6","FALSE","0","0","0","0","1","0","0","0","0"
"41","08434","454899","466217","60","45.272","FALSE","0","0","0","0","1","0","0","0","0"
"42","08434","466217","477598","61","45.524","FALSE","0","0","0","0","1","0","0","0","0"
"43","08434","477598","488954","56","45.424","FALSE","0","0","0","0","1","0","0","0","0"
"44","08434","488954","500417","53","45.852","FALSE","0","0.113207547169811","0","0.0188679245283019","0.679245283018868","0.0943396226415094","0.0943396226415094","0","0"
"45","08434","500417","511873","54","45.824","FALSE","0","0.0555555555555556","0","0","0.796296296296296","0.0740740740740741","0.0740740740740741","0","0"
"46","08434","511873","523168","52","45.18","FALSE","0","0.153846153846154","0","0","0.557692307692308","0.153846153846154","0.134615384615385","0","0"
"47","08434","523168","534434","50","45.064","FALSE","0","0.12","0","0.02","0.68","0.08","0.1","0","0"
"48","08434","534434","545800","53","45.464","FALSE","0","0.150943396226415","0","0","0.547169811320755","0.150943396226415","0.150943396226415","0","0"
"49","08434","545800","557167","53","45.468","FALSE","0","0.132075471698113","0","0","0.60377358490566","0.132075471698113","0.132075471698113","0","0"
"50","08434","557167","568612","53","45.78","FALSE","0","0.226415094339623","0","0","0.320754716981132","0.226415094339623","0.226415094339623","0","0"
"51","08434","568612","579879","52","45.068","FALSE","0","0.211538461538462","0","0","0.365384615384615","0.211538461538462","0.211538461538462","0","0"
"52","08434","579879","591207","50","45.312","FALSE","0","0.08","0","0","0.72","0.1","0.1","0","0"
"53","08434","591207","602656","50","45.796","FALSE","0","0.06","0","0","0.86","0.04","0.04","0","0"
"54","08434","602656","613912","50","45.024","FALSE","0","0","0","0","0.98","0.02","0","0","0"
"55","08434","613912","625280","51","45.472","FALSE","0","0.0588235294117647","0","0","0.823529411764706","0.0588235294117647","0.0588235294117647","0","0"
"56","08434","625280","636556","51","45.104","FALSE","0","0.0196078431372549","0","0","0.96078431372549","0","0.0196078431372549","0","0"
"57","08434","636556","647966","51","45.64","FALSE","0","0","0","0","1","0","0","0","0"
"58","08434","647966","659297","50","45.324","FALSE","0","0.02","0","0","0.94","0.02","0.02","0","0"
"59","08434","659297","670554","50","45.028","FALSE","0","0.04","0","0","0.88","0.04","0.04","0","0"
"60","08434","670554","682010","50","45.824","FALSE","0","0.02","0.02","0.02","0.92","0","0.02","0","0"
"61","08434","682010","693298","51","45.152","FALSE","0.0196078431372549","0.0784313725490196","0","0","0.725490196078431","0.0784313725490196","0.0784313725490196","0","0.0196078431372549"
"62","08434","693298","704735","51","45.748","FALSE","0","0.0392156862745098","0","0","0.882352941176471","0.0392156862745098","0.0392156862745098","0","0"
"63","08434","704735","716180","51","45.78","FALSE","0","0","0","0","1","0","0","0","0"
"64","08434","716180","727630","52","45.8","FALSE","0","0","0","0","1","0","0","0","0"
"65","08434","727630","739037","51","45.628","FALSE","0","0","0","0","1","0","0","0","0"
"66","08434","739037","750491","50","45.816","FALSE","0","0.02","0","0","0.94","0.02","0.02","0","0"
"67","08434","750491","761772","49","45.124","FALSE","0","0.0204081632653061","0","0","0.938775510204082","0.0204081632653061","0.0204081632653061","0","0"
"68","08434","761772","773080","50","45.232","FALSE","0","0.04","0","0","0.88","0.04","0.04","0","0"
"69","08434","773080","784566","51","45.944","FALSE","0","0.0588235294117647","0","0.0196078431372549","0.803921568627451","0.0392156862745098","0.0392156862745098","0","0.0392156862745098"
"70","08434","784566","795924","49","45.432","FALSE","0","0.0204081632653061","0","0","0.938775510204082","0.0204081632653061","0.0204081632653061","0","0"
"71","08434","795924","807395","51","45.884","FALSE","0","0.0588235294117647","0","0","0.823529411764706","0.0588235294117647","0.0588235294117647","0","0"
"72","08434","807395","818791","52","45.584","FALSE","0","0.0576923076923077","0","0","0.788461538461538","0.0576923076923077","0.0576923076923077","0","0.0384615384615385"
"73","08434","818791","830199","50","45.632","FALSE","0","0.02","0","0","0.94","0.02","0.02","0","0"
"74","08434","830199","841503","50","45.216","FALSE","0","0","0","0","1","0","0","0","0"
"75","08434","841503","852820","51","45.268","FALSE","0","0.0392156862745098","0","0","0.882352941176471","0.0392156862745098","0.0392156862745098","0","0"
"76","08434","852820","864276","51","45.824","FALSE","0","0.0196078431372549","0","0","0.941176470588235","0.0196078431372549","0.0196078431372549","0","0"
"77","08434","864276","875628","53","45.408","FALSE","0","0.0566037735849057","0","0","0.792452830188679","0.0566037735849057","0.0566037735849057","0","0.0377358490566038"
"78","08434","875628","887056","52","45.712","FALSE","0","0.0192307692307692","0","0","0.942307692307692","0.0192307692307692","0.0192307692307692","0","0"
"79","08434","887056","898451","51","45.58","FALSE","0","0","0","0","1","0","0","0","0"
"80","08434","898451","909875","52","45.696","FALSE","0","0","0","0","1","0","0","0","0"
"81","08434","909875","921164","52","45.156","FALSE","0","0.0576923076923077","0","0","0.826923076923077","0.0576923076923077","0.0576923076923077","0","0"
"82","08434","921164","932517","53","45.412","FALSE","0","0","0","0","1","0","0","0","0"
"83","08434","932517","943791","61","45.096","FALSE","0","0","0","0","1","0","0","0","0"
"84","08434","943791","955198","63","45.628","FALSE","0","0","0","0","1","0","0","0","0"
"85","08434","955198","966630","58","45.728","FALSE","0","0","0","0","1","0","0","0","0"
"86","08434","966630","977920","57","45.16","FALSE","0","0","0","0","1","0","0","0","0"
"87","08434","977920","989195","59","45.1","FALSE","0","0","0","0","1","0","0","0","0"
"88","08434","989195","1000605","60","45.64","FALSE","0","0","0","0","1","0","0","0","0"
"89","08434","1000605","1011976","61","45.484","FALSE","0","0","0","0","1","0","0","0","0"
"90","08434","1011976","1023315","63","45.356","FALSE","0","0.0793650793650794","0.0158730158730159","0.0158730158730159","0.650793650793651","0.0952380952380952","0.0952380952380952","0.0158730158730159","0.0317460317460317"
"91","08434","1023315","1034721","57","45.624","FALSE","0","0.280701754385965","0","0","0.157894736842105","0.280701754385965","0.280701754385965","0","0"
"92","08434","1034721","1046031","52","45.24","FALSE","0","0.115384615384615","0","0","0.673076923076923","0.115384615384615","0.0961538461538462","0","0"
"93","08434","1046031","1057369","59","45.352","FALSE","0","0.23728813559322","0.0338983050847458","0","0.23728813559322","0.220338983050847","0.271186440677966","0","0"
"94","08434","1057369","1068770","57","45.604","FALSE","0","0.263157894736842","0.0175438596491228","0","0.157894736842105","0.263157894736842","0.280701754385965","0","0.0175438596491228"
"95","08434","1068770","1080140","55","45.48","FALSE","0","0.327272727272727","0","0","0","0.345454545454545","0.327272727272727","0","0"
"96","08434","1080140","1091509","53","45.476","FALSE","0","0.30188679245283","0","0","0.113207547169811","0.283018867924528","0.30188679245283","0","0"
"97","08434","1091509","1102793","52","45.136","FALSE","0","0.230769230769231","0","0.0192307692307692","0.326923076923077","0.211538461538462","0.211538461538462","0","0"
"98","08434","1102793","1114228","51","45.74","FALSE","0","0.0980392156862745","0","0","0.705882352941177","0.0980392156862745","0.0980392156862745","0","0"
"99","08434","1114228","1125563","50","45.34","FALSE","0","0","0","0","1","0","0","0","0"
"100","08434","1125563","1136859","50","45.184","FALSE","0","0","0","0","1","0","0","0","0"
"101","08434","1136859","1148182","49","45.292","FALSE","0","0","0","0","1","0","0","0","0"
"102","08434","1148182","1159485","50","45.212","FALSE","0","0","0","0","1","0","0","0","0"
"103","08434","1159485","1170893","52","45.632","FALSE","0.0192307692307692","0.0384615384615385","0","0.0192307692307692","0.807692307692308","0.0384615384615385","0.0192307692307692","0.0192307692307692","0.0384615384615385"
"104","08434","1170893","1182180","51","45.148","FALSE","0","0.0392156862745098","0","0","0.882352941176471","0.0392156862745098","0.0392156862745098","0","0"
"105","08434","1182180","1193609","50","45.716","FALSE","0","0","0","0","1","0","0","0","0"
"106","08434","1193609","1204892","52","45.132","FALSE","0","0.115384615384615","0","0","0.615384615384615","0.134615384615385","0.115384615384615","0","0.0192307692307692"
"107","08434","1204892","1216330","50","45.752","FALSE","0","0.06","0","0","0.82","0.04","0.06","0","0.02"
"108","08434","1216330","1227619","51","45.156","FALSE","0","0.0196078431372549","0","0","0.92156862745098","0.0196078431372549","0.0196078431372549","0","0.0196078431372549"
"109","08434","1227619","1238917","49","45.192","FALSE","0","0","0","0","1","0","0","0","0"
"110","08434","1238917","1250250","53","45.332","FALSE","0.0188679245283019","0.0377358490566038","0","0","0.773584905660377","0.0754716981132075","0.0377358490566038","0.0377358490566038","0.0188679245283019"
"111","08434","1250250","1261558","50","45.232","FALSE","0","0","0","0","1","0","0","0","0"
"112","08434","1261558","1272847","51","45.156","FALSE","0","0.0196078431372549","0","0","0.941176470588235","0.0196078431372549","0.0196078431372549","0","0"
"113","08434","1272847","1284237","51","45.56","FALSE","0","0","0","0","1","0","0","0","0"
"114","08434","1284237","1295592","52","45.42","FALSE","0.0192307692307692","0.0192307692307692","0","0","0.884615384615385","0.0192307692307692","0.0192307692307692","0","0.0384615384615385"
"115","08434","1295592","1307047","52","45.82","FALSE","0","0.0384615384615385","0","0","0.884615384615385","0.0384615384615385","0.0384615384615385","0","0"
"116","08434","1307047","1318360","50","45.252","FALSE","0","0","0","0","1","0","0","0","0"
"117","08434","1318360","1329650","50","45.16","FALSE","0","0","0","0","1","0","0","0","0"
"118","08434","1329650","1341083","52","45.732","FALSE","0","0.0961538461538462","0.0192307692307692","0","0.673076923076923","0.0961538461538462","0.115384615384615","0","0"
"119","08434","1341083","1352358","50","45.1","FALSE","0","0","0","0","1","0","0","0","0"
"120","08434","1352358","1363629","51","45.084","FALSE","0","0","0","0","0.980392156862745","0.0196078431372549","0","0","0"
"121","08434","1363629","1375047","52","45.672","FALSE","0","0.0769230769230769","0","0","0.769230769230769","0.0576923076923077","0.0769230769230769","0","0.0192307692307692"
"122","08434","1375047","1386412","51","45.46","FALSE","0","0","0","0","1","0","0","0","0"
"123","08434","1386412","1397820","54","45.632","FALSE","0.0185185185185185","0.037037037037037","0","0.0185185185185185","0.796296296296296","0.037037037037037","0.0185185185185185","0.0185185185185185","0.0555555555555556"
"124","08434","1397820","1409230","51","45.64","FALSE","0","0","0","0","1","0","0","0","0"
"125","08434","1409230","1420552","53","45.288","FALSE","0.0377358490566038","0.0566037735849057","0","0.0188679245283019","0.735849056603774","0.0566037735849057","0.0377358490566038","0.0188679245283019","0.0377358490566038"
"126","08434","1420552","1431847","52","45.18","FALSE","0","0.0961538461538462","0","0","0.653846153846154","0.0961538461538462","0.0961538461538462","0","0.0576923076923077"
"127","08434","1431847","1443119","51","45.088","FALSE","0","0.0196078431372549","0","0","0.901960784313726","0.0196078431372549","0.0196078431372549","0","0.0392156862745098"
"128","08434","1443119","1454545","51","45.704","FALSE","0","0","0","0","1","0","0","0","0"
"129","08434","1454545","1465814","51","45.076","FALSE","0","0.0196078431372549","0","0","0.901960784313726","0.0392156862745098","0.0392156862745098","0","0"
"130","08434","1465814","1477152","52","45.352","FALSE","0","0.0576923076923077","0","0","0.826923076923077","0.0384615384615385","0.0384615384615385","0","0.0384615384615385"
"131","08434","1477152","1488493","51","45.364","FALSE","0","0","0","0","1","0","0","0","0"
"132","08434","1488493","1499766","51","45.092","FALSE","0","0","0","0","1","0","0","0","0"
"133","08434","1499766","1511210","52","45.776","FALSE","0","0.0192307692307692","0.0192307692307692","0","0.903846153846154","0.0192307692307692","0.0384615384615385","0","0"
"134","08434","1511210","1522461","50","45.004","FALSE","0","0","0","0","1","0","0","0","0"
"135","08434","1522461","1533832","51","45.484","FALSE","0","0","0","0","1","0","0","0","0"
"136","08434","1533832","1545184","52","45.408","FALSE","0","0","0","0","1","0","0","0","0"
"137","08434","1545184","1556469","51","45.14","FALSE","0","0","0","0","1","0","0","0","0"
"138","08434","1556469","1567820","52","45.404","FALSE","0","0.0192307692307692","0","0","0.942307692307692","0.0192307692307692","0.0192307692307692","0","0"
"139","08434","1567820","1579176","50","45.424","FALSE","0","0.04","0.02","0.02","0.86","0.02","0.04","0","0"
"140","08434","1579176","1590619","52","45.772","FALSE","0","0.0192307692307692","0","0","0.903846153846154","0.0192307692307692","0.0192307692307692","0","0.0384615384615385"
"141","08434","1590619","1602081","53","45.848","FALSE","0","0","0","0","1","0","0","0","0"
"142","08434","1602081","1613530","50","45.796","FALSE","0","0","0","0","1","0","0","0","0"
"143","08434","1613530","1624859","50","45.316","FALSE","0","0","0","0","1","0","0","0","0"
"144","08434","1624859","1636223","50","45.456","FALSE","0","0","0","0","1","0","0","0","0"
"145","08434","1636223","1647682","52","45.836","FALSE","0","0.0192307692307692","0.0192307692307692","0.0192307692307692","0.884615384615385","0.0192307692307692","0.0192307692307692","0.0192307692307692","0"
"146","08434","1647682","1659094","52","45.648","FALSE","0","0.0384615384615385","0","0","0.884615384615385","0.0384615384615385","0.0384615384615385","0","0"
"147","08434","1659094","1670351","50","45.028","FALSE","0","0","0","0","1","0","0","0","0"
"148","08434","1670351","1681710","51","45.436","FALSE","0","0","0","0","1","0","0","0","0"
"149","08434","1681710","1693104","52","45.576","FALSE","0","0","0","0","1","0","0","0","0"
"150","08434","1693104","1704380","51","45.104","FALSE","0","0","0","0","1","0","0","0","0"
"151","08434","1704380","1715660","51","45.12","FALSE","0","0","0","0","1","0","0","0","0"
"152","08434","1715660","1727065","51","45.62","FALSE","0","0","0","0","1","0","0","0","0"
"153","08434","1727065","1738482","52","45.668","FALSE","0","0","0","0","1","0","0","0","0"
"154","08434","1738482","1749925","51","45.772","FALSE","0","0","0","0","1","0","0","0","0"
"155","08434","1749925","1761355","51","45.72","FALSE","0","0","0","0","1","0","0","0","0"
"156","08434","1761355","1772680","52","45.3","FALSE","0.0192307692307692","0.0192307692307692","0","0","0.846153846153846","0.0384615384615385","0.0192307692307692","0.0192307692307692","0.0384615384615385"
"157","08434","1772680","1784134","51","45.816","FALSE","0","0","0","0","1","0","0","0","0"
"158","08434","1784134","1795515","52","45.524","FALSE","0","0.0384615384615385","0","0","0.865384615384615","0.0384615384615385","0.0384615384615385","0","0.0192307692307692"
"159","08434","1795515","1806916","51","45.604","FALSE","0","0","0","0","1","0","0","0","0"
"160","08434","1806916","1818257","51","45.364","FALSE","0","0.0588235294117647","0","0","0.823529411764706","0.0588235294117647","0.0588235294117647","0","0"
"161","08434","1818257","1829643","51","45.544","FALSE","0","0","0","0","1","0","0","0","0"
"162","08434","1829643","1841014","52","45.484","FALSE","0","0","0","0","1","0","0","0","0"
"163","08434","1841014","1852301","52","45.148","FALSE","0","0","0","0","1","0","0","0","0"
"164","08434","1852301","1863560","52","45.036","FALSE","0","0","0","0","1","0","0","0","0"
"165","08434","1863560","1874929","51","45.476","FALSE","0","0","0","0","1","0","0","0","0"
"166","08434","1874929","1886237","52","45.232","FALSE","0","0","0","0","1","0","0","0","0"
"167","08434","1886237","1897669","51","45.728","FALSE","0","0","0","0","1","0","0","0","0"
"168","08434","1897669","1909113","51","45.776","FALSE","0","0","0","0","1","0","0","0","0"
"169","08434","1909113","1920515","52","45.608","FALSE","0","0.0192307692307692","0","0","0.903846153846154","0.0192307692307692","0.0192307692307692","0","0.0384615384615385"
"170","08434","1920515","1931887","54","45.488","FALSE","0","0.037037037037037","0","0","0.888888888888889","0.037037037037037","0.037037037037037","0","0"
"171","08434","1931887","1943337","52","45.8","FALSE","0","0","0","0","1","0","0","0","0"
"172","08434","1943337","1954718","51","45.524","FALSE","0","0.0196078431372549","0","0","0.941176470588235","0.0196078431372549","0.0196078431372549","0","0"
"173","08434","1954718","1966109","51","45.564","FALSE","0","0","0","0","1","0","0","0","0"
"174","08434","1966109","1977489","51","45.52","FALSE","0","0","0","0","1","0","0","0","0"
"175","08434","1977489","1988936","51","45.788","FALSE","0","0","0","0","1","0","0","0","0"
"176","08434","1988936","2000189","52","45.012","FALSE","0","0","0","0","1","0","0","0","0"
"177","08434","2000189","2011523","53","45.336","FALSE","0.0188679245283019","0.0377358490566038","0","0","0.867924528301887","0.0377358490566038","0.0377358490566038","0","0"
"178","08434","2011523","2022908","51","45.54","FALSE","0","0","0","0","1","0","0","0","0"
"179","08434","2022908","2034193","52","45.14","FALSE","0","0.0192307692307692","0","0","0.942307692307692","0.0192307692307692","0.0192307692307692","0","0"
"180","08434","2034193","2045599","53","45.624","FALSE","0","0.0566037735849057","0","0","0.811320754716981","0.0566037735849057","0.0566037735849057","0","0.0188679245283019"
"181","08434","2045599","2056922","52","45.292","FALSE","0","0.0192307692307692","0","0","0.942307692307692","0.0192307692307692","0.0192307692307692","0","0"
"182","08434","2056922","2068263","51","45.364","FALSE","0","0","0","0","1","0","0","0","0"
"183","08434","2068263","2079670","53","45.628","FALSE","0","0.0377358490566038","0","0","0.886792452830189","0.0377358490566038","0.0377358490566038","0","0"
"184","08434","2079670","2091043","52","45.492","FALSE","0","0","0","0","1","0","0","0","0"
"185","08434","2091043","2102303","52","45.04","FALSE","0","0","0","0","1","0","0","0","0"
"186","08434","2102303","2113692","53","45.556","FALSE","0","0.0188679245283019","0","0","0.943396226415094","0.0188679245283019","0.0188679245283019","0","0"
"187","08434","2113692","2125064","55","45.488","FALSE","0","0.0181818181818182","0","0","0.945454545454545","0.0181818181818182","0.0181818181818182","0","0"
"188","08434","2125064","2136433","57","45.476","FALSE","0","0","0","0","1","0","0","0","0"
"189","08434","2136433","2147801","55","45.472","FALSE","0","0","0","0","1","0","0","0","0"
"190","08434","2147801","2159128","54","45.308","FALSE","0","0.0185185185185185","0","0","0.851851851851852","0.0555555555555556","0.037037037037037","0.0185185185185185","0.0185185185185185"
"191","08434","2159128","2170398","59","45.08","FALSE","0.0338983050847458","0.169491525423729","0.0508474576271186","0","0.220338983050847","0.152542372881356","0.203389830508475","0","0.169491525423729"
"192","08434","2170398","2181700","55","45.208","FALSE","0","0.0727272727272727","0","0","0.727272727272727","0.0727272727272727","0.0727272727272727","0","0.0545454545454545"
"193","08434","2181700","2192975","54","45.1","FALSE","0","0.0185185185185185","0","0","0.944444444444444","0.0185185185185185","0.0185185185185185","0","0"
"194","08434","2192975","2204232","57","45.028","FALSE","0","0.0350877192982456","0.0350877192982456","0","0.789473684210526","0.0350877192982456","0.0701754385964912","0","0.0350877192982456"
"195","08434","2204232","2215624","67","45.568","FALSE","0.0149253731343284","0.0746268656716418","0.0298507462686567","0.0149253731343284","0.537313432835821","0.0895522388059701","0.104477611940299","0.0149253731343284","0.119402985074627"
"196","08434","2215624","2227074","67","45.8","FALSE","0","0.0746268656716418","0.283582089552239","0.0298507462686567","0.104477611940299","0.0746268656716418","0.328358208955224","0.0298507462686567","0.0746268656716418"
"197","08434","2227074","2238405","67","45.324","FALSE","0.0298507462686567","0.164179104477612","0.0298507462686567","0","0.253731343283582","0.208955223880597","0.17910447761194","0.0597014925373134","0.0746268656716418"
"198","08434","2238405","2249721","85","45.264","TRUE","0.0117647058823529","0.0823529411764706","0.0235294117647059","0.0941176470588235","0.517647058823529","0.117647058823529","0.0117647058823529","0.129411764705882","0.0117647058823529"
"199","08434","2249721","2261055","75","45.336","TRUE","0.0266666666666667","0.0933333333333333","0.0266666666666667","0.106666666666667","0.56","0.0666666666666667","0.0266666666666667","0.0666666666666667","0.0266666666666667"
"200","08434","2261055","2272331","76","45.104","TRUE","0","0.118421052631579","0.0131578947368421","0.118421052631579","0.526315789473684","0.0921052631578947","0.0131578947368421","0.0921052631578947","0.0263157894736842"
"201","08434","2272331","2283683","65","45.408","TRUE","0.0153846153846154","0.0769230769230769","0.0615384615384615","0.0615384615384615","0.369230769230769","0.123076923076923","0.0615384615384615","0.123076923076923","0.107692307692308"
"202","08434","2283683","2295076","79","45.572","TRUE","0.0126582278481013","0.113924050632911","0.0126582278481013","0.113924050632911","0.658227848101266","0.0379746835443038","0.0126582278481013","0.0379746835443038","0"
"203","08434","2295076","2306413","74","45.348","TRUE","0.0135135135135135","0.0810810810810811","0.0135135135135135","0.0945945945945946","0.621621621621622","0.0810810810810811","0.0135135135135135","0.0810810810810811","0"
"204","08434","2306413","2317805","67","45.568","TRUE","0.0298507462686567","0.104477611940299","0.0298507462686567","0.119402985074627","0.597014925373134","0.0447761194029851","0","0.0746268656716418","0"
"205","08434","2317805","2329136","69","45.324","TRUE","0","0.072463768115942","0.0144927536231884","0.072463768115942","0.594202898550725","0.0869565217391304","0.0144927536231884","0.0869565217391304","0.0579710144927536"
"206","08434","2329136","2340463","73","45.308","TRUE","0.0273972602739726","0.0821917808219178","0.0410958904109589","0.10958904109589","0.602739726027397","0.0410958904109589","0.0136986301369863","0.0684931506849315","0.0136986301369863"
"207","08434","2340463","2351805","72","45.368","TRUE","0","0.111111111111111","0.0277777777777778","0.111111111111111","0.513888888888889","0.0694444444444444","0.0277777777777778","0.0694444444444444","0.0694444444444444"
"208","08434","2351805","2363179","70","45.496","TRUE","0.0285714285714286","0.1","0.0142857142857143","0.0857142857142857","0.457142857142857","0.142857142857143","0.0285714285714286","0.128571428571429","0.0142857142857143"
"209","08434","2363179","2374430","69","45.004","TRUE","0.0144927536231884","0.0869565217391304","0.0579710144927536","0.101449275362319","0.507246376811594","0.0869565217391304","0.0434782608695652","0.0869565217391304","0.0144927536231884"
"210","08434","2374430","2385750","72","45.28","TRUE","0.0138888888888889","0.111111111111111","0","0.0972222222222222","0.680555555555556","0.0416666666666667","0.0138888888888889","0.0416666666666667","0"
"211","08434","2385750","2397105","71","45.42","TRUE","0.0140845070422535","0.0845070422535211","0.028169014084507","0.0845070422535211","0.647887323943662","0.0563380281690141","0.028169014084507","0.0422535211267606","0.0140845070422535"
"212","08434","2397105","2408449","74","45.376","TRUE","0.0135135135135135","0.0405405405405405","0.0135135135135135","0.0675675675675676","0.756756756756757","0.0405405405405405","0","0.0675675675675676","0"
"213","08434","2408449","2419734","71","45.14","TRUE","0","0.0985915492957746","0.0845070422535211","0.154929577464789","0.380281690140845","0.0845070422535211","0.028169014084507","0.140845070422535","0.028169014084507"
"214","08434","2419734","2431050","73","45.264","TRUE","0","0.10958904109589","0.0136986301369863","0.10958904109589","0.63013698630137","0.0684931506849315","0","0.0684931506849315","0"
"215","08434","2431050","2442357","72","45.228","TRUE","0.0277777777777778","0.111111111111111","0.0277777777777778","0.138888888888889","0.527777777777778","0.0555555555555556","0","0.0972222222222222","0.0138888888888889"
"216","08434","2442357","2453683","74","45.304","TRUE","0.0135135135135135","0.121621621621622","0","0.121621621621622","0.635135135135135","0.0540540540540541","0","0.0540540540540541","0"
"217","08434","2453683","2465007","73","45.296","TRUE","0.0136986301369863","0.123287671232877","0.0136986301369863","0.136986301369863","0.520547945205479","0.0821917808219178","0.0136986301369863","0.0821917808219178","0.0136986301369863"
"218","08434","2465007","2476399","74","45.568","TRUE","0.027027027027027","0.0945945945945946","0.027027027027027","0.0945945945945946","0.459459459459459","0.121621621621622","0.0135135135135135","0.135135135135135","0.027027027027027"
"219","08434","2476399","2487743","74","45.376","TRUE","0.0135135135135135","0.121621621621622","0.0135135135135135","0.135135135135135","0.527027027027027","0.0810810810810811","0","0.0945945945945946","0.0135135135135135"
"220","08434","2487743","2498997","58","45.016","FALSE","0.0344827586206897","0.103448275862069","0.0172413793103448","0.0517241379310345","0.431034482758621","0.137931034482759","0.0689655172413793","0.0862068965517241","0.0689655172413793"
"221","08434","2498997","2510321","76","45.296","TRUE","0","0.144736842105263","0.0394736842105263","0.171052631578947","0.5","0.0526315789473684","0.0131578947368421","0.0789473684210526","0"
"222","08434","2510321","2521809","75","45.952","TRUE","0","0.12","0.0266666666666667","0.133333333333333","0.546666666666667","0.0666666666666667","0.0266666666666667","0.0666666666666667","0.0133333333333333"
"223","08434","2521809","2533157","75","45.392","TRUE","0.04","0.08","0.0266666666666667","0.08","0.613333333333333","0.0533333333333333","0.0133333333333333","0.0666666666666667","0.0266666666666667"
"224","08434","2533157","2544607","75","45.8","TRUE","0.0266666666666667","0.106666666666667","0.04","0.16","0.493333333333333","0.0666666666666667","0","0.106666666666667","0"
"225","08434","2544607","2555926","73","45.276","TRUE","0.0273972602739726","0.123287671232877","0.0410958904109589","0.136986301369863","0.465753424657534","0.0684931506849315","0.0136986301369863","0.0821917808219178","0.0410958904109589"
"226","08434","2555926","2567236","74","45.24","TRUE","0.0135135135135135","0.162162162162162","0.0135135135135135","0.148648648648649","0.445945945945946","0.0945945945945946","0.027027027027027","0.0945945945945946","0"
"227","08434","2567236","2578615","72","45.516","TRUE","0.0138888888888889","0.0833333333333333","0.0277777777777778","0.0833333333333333","0.638888888888889","0.0416666666666667","0.0277777777777778","0.0416666666666667","0.0416666666666667"
"228","08434","2578615","2590032","74","45.668","TRUE","0.0135135135135135","0.135135135135135","0","0.108108108108108","0.527027027027027","0.0945945945945946","0.027027027027027","0.0675675675675676","0.027027027027027"
"229","08434","2590032","2601327","75","45.18","TRUE","0.0266666666666667","0.106666666666667","0.0533333333333333","0.146666666666667","0.386666666666667","0.08","0.0133333333333333","0.12","0.0666666666666667"
"230","08434","2601327","2612765","60","45.752","TRUE","0.0333333333333333","0.0666666666666667","0","0.0666666666666667","0.666666666666667","0.0833333333333333","0","0.0833333333333333","0"
"231","08434","2612765","2624034","54","45.076","FALSE","0","0","0","0","0.944444444444444","0.0185185185185185","0.0185185185185185","0","0.0185185185185185"
"232","08434","2624034","2635442","57","45.632","FALSE","0.0350877192982456","0.0526315789473684","0","0","0.754385964912281","0.0350877192982456","0.0350877192982456","0","0.087719298245614"
"233","08434","2635442","2646843","55","45.604","FALSE","0","0.0363636363636364","0","0","0.872727272727273","0.0363636363636364","0.0363636363636364","0","0.0181818181818182"
"234","08434","2646843","2658161","55","45.272","FALSE","0","0.0363636363636364","0","0","0.890909090909091","0.0363636363636364","0.0363636363636364","0","0"
"235","08434","2658161","2669449","54","45.152","FALSE","0","0","0","0","1","0","0","0","0"
"236","08434","2669449","2680823","55","45.496","FALSE","0","0","0","0","1","0","0","0","0"
"237","08434","2680823","2692075","53","45.008","FALSE","0","0","0","0","1","0","0","0","0"
"238","08434","2692075","2703474","54","45.596","FALSE","0","0","0","0","1","0","0","0","0"
"239","08434","2703474","2714811","53","45.348","FALSE","0","0","0","0","1","0","0","0","0"
"240","08434","2714811","2726073","52","45.048","FALSE","0","0","0","0","1","0","0","0","0"
"241","08434","2726073","2737420","51","45.388","FALSE","0","0","0","0","1","0","0","0","0"
"242","08434","2737420","2748812","53","45.568","FALSE","0","0","0","0","1","0","0","0","0"
"243","08434","2748812","2760113","51","45.204","FALSE","0","0","0","0","1","0","0","0","0"
"244","08434","2760113","2771557","52","45.776","FALSE","0","0","0","0","1","0","0","0","0"
"245","08434","2771557","2782855","51","45.192","FALSE","0","0","0","0","1","0","0","0","0"
"246","08434","2782855","2794288","52","45.732","FALSE","0","0","0","0","1","0","0","0","0"
"247","08434","2794288","2805674","51","45.544","FALSE","0","0","0","0","1","0","0","0","0"
"248","08434","2805674","2817097","52","45.692","FALSE","0","0","0","0","1","0","0","0","0"
"249","08434","2817097","2828508","51","45.644","FALSE","0","0","0","0","1","0","0","0","0"
"250","08434","2828508","2839906","51","45.592","FALSE","0","0","0","0","1","0","0","0","0"
"251","08434","2839906","2851310","51","45.616","FALSE","0","0","0","0","1","0","0","0","0"
"252","08434","2851310","2862773","51","45.852","FALSE","0","0","0","0","1","0","0","0","0"
"253","08434","2862773","2874233","51","45.84","FALSE","0","0","0","0","1","0","0","0","0"
"254","08434","2874233","2885685","51","45.808","FALSE","0","0","0","0","1","0","0","0","0"
"255","08434","2885685","2896967","50","45.128","FALSE","0","0","0","0","1","0","0","0","0"
"256","08434","2896967","2908371","50","45.616","FALSE","0","0","0","0","1","0","0","0","0"
"257","08434","2908371","2919637","50","45.064","FALSE","0","0","0","0","1","0","0","0","0"
"258","08434","2919637","2931100","50","45.852","FALSE","0","0","0","0","1","0","0","0","0"
"259","08434","2931100","2942532","50","45.728","FALSE","0","0","0","0","1","0","0","0","0"
"260","08434","2942532","2954010","51","45.912","FALSE","0","0","0","0","1","0","0","0","0"
"261","08434","2954010","2965339","49","45.316","FALSE","0","0","0","0","1","0","0","0","0"
"262","08434","2965339","2976672","50","45.332","FALSE","0","0","0","0","1","0","0","0","0"
"263","08434","2976672","2987992","49","45.28","FALSE","0","0","0","0","1","0","0","0","0"
"264","08434","2987992","2999371","50","45.516","FALSE","0","0","0","0","1","0","0","0","0"
"265","08434","2999371","3010842","49","45.884","FALSE","0","0","0","0","1","0","0","0","0"
"266","08434","3010842","3022264","50","45.688","FALSE","0","0","0","0","1","0","0","0","0"
"267","08434","3022264","3033609","48","45.38","FALSE","0","0","0","0","1","0","0","0","0"
"268","08434","3033609","3044977","49","45.472","FALSE","0","0","0","0","1","0","0","0","0"
"269","08434","3044977","3056422","50","45.78","FALSE","0","0.02","0","0","0.94","0.02","0.02","0","0"
"270","08434","3056422","3067709","48","45.148","FALSE","0","0","0","0","1","0","0","0","0"
"271","08434","3067709","3079098","49","45.556","FALSE","0","0","0","0","1","0","0","0","0"
"272","08434","3079098","3090354","48","45.024","FALSE","0","0","0","0","1","0","0","0","0"
"273","08434","3090354","3101698","49","45.376","FALSE","0","0","0","0","1","0","0","0","0"
"274","08434","3101698","3112997","49","45.196","FALSE","0","0","0","0","1","0","0","0","0"
"275","08434","3112997","3124284","49","45.148","FALSE","0","0","0","0","1","0","0","0","0"
"276","08434","3124284","3135756","50","45.888","FALSE","0","0","0","0","1","0","0","0","0"
"277","08434","3135756","3147217","50","45.844","FALSE","0","0","0","0","1","0","0","0","0"
"278","08434","3147217","3158582","50","45.46","FALSE","0","0","0","0","1","0","0","0","0"
"279","08434","3158582","3169951","55","45.476","FALSE","0","0.0181818181818182","0","0","0.909090909090909","0.0363636363636364","0.0181818181818182","0.0181818181818182","0"
"280","08434","3169951","3181250","50","45.196","FALSE","0","0","0","0","1","0","0","0","0"
"281","08434","3181250","3192598","51","45.392","FALSE","0","0","0","0","1","0","0","0","0"
"282","08434","3192598","3203922","52","45.296","FALSE","0","0","0","0","0.961538461538462","0.0192307692307692","0","0.0192307692307692","0"
"283","08434","3203922","3215269","55","45.388","FALSE","0.0181818181818182","0","0.0181818181818182","0.0181818181818182","0.927272727272727","0","0","0.0181818181818182","0"
"284","08434","3215269","3226535","56","45.064","FALSE","0","0","0","0","1","0","0","0","0"
"285","08434","3226535","3237935","53","45.6","FALSE","0","0","0","0","1","0","0","0","0"
"286","08434","3237935","3249205","52","45.08","FALSE","0","0","0","0","1","0","0","0","0"
"287","08434","3249205","3260492","53","45.148","FALSE","0","0","0","0","1","0","0","0","0"
"288","08434","3260492","3271820","49","45.312","FALSE","0","0","0","0","1","0","0","0","0"
"289","08434","3271820","3283084","51","45.056","FALSE","0","0","0","0","1","0","0","0","0"
"290","08434","3283084","3294480","51","45.584","FALSE","0","0","0","0","1","0","0","0","0"
"291","08434","3294480","3305947","52","45.868","FALSE","0","0","0","0","1","0","0","0","0"
"292","08434","3305947","3317237","50","45.16","FALSE","0","0","0","0","1","0","0","0","0"
"293","08434","3317237","3328649","51","45.648","FALSE","0","0","0","0","1","0","0","0","0"
"294","08434","3328649","3339900","50","45.004","FALSE","0","0","0","0","1","0","0","0","0"
"295","08434","3339900","3351165","50","45.06","FALSE","0","0","0","0","1","0","0","0","0"
"296","08434","3351165","3362483","51","45.272","FALSE","0","0","0","0","1","0","0","0","0"
"297","08434","3362483","3373920","51","45.748","FALSE","0","0","0","0","1","0","0","0","0"
"298","08434","3373920","3385245","50","45.3","FALSE","0","0","0","0","1","0","0","0","0"
"299","08434","3385245","3396561","50","45.264","FALSE","0","0","0","0","1","0","0","0","0"
"300","08434","3396561","3407959","51","45.592","FALSE","0","0","0","0","1","0","0","0","0"
"301","08434","3407959","3419387","51","45.712","FALSE","0","0","0","0","1","0","0","0","0"
"302","08434","3419387","3430782","51","45.58","FALSE","0","0","0","0","1","0","0","0","0"
"303","08434","3430782","3442265","51","45.932","FALSE","0","0","0","0","1","0","0","0","0"
"304","08434","3442265","3453606","51","45.364","FALSE","0","0","0","0","1","0","0","0","0"
"305","08434","3453606","3464952","50","45.384","FALSE","0","0","0","0","1","0","0","0","0"
"306","08434","3464952","3476283","50","45.324","FALSE","0","0","0","0","1","0","0","0","0"
"307","08434","3476283","3487693","50","45.64","FALSE","0","0","0","0","1","0","0","0","0"
"308","08434","3487693","3498974","50","45.124","FALSE","0","0","0","0","1","0","0","0","0"
"309","08434","3498974","3510289","50","45.26","FALSE","0","0","0","0","1","0","0","0","0"
"310","08434","3510289","3521606","50","45.268","FALSE","0","0","0","0","1","0","0","0","0"
"311","08434","3521606","3533033","50","45.708","FALSE","0","0","0","0","1","0","0","0","0"
"312","08434","3533033","3544408","49","45.5","FALSE","0","0","0","0","1","0","0","0","0"
"313","08434","3544408","3555852","50","45.776","FALSE","0","0","0","0","1","0","0","0","0"
"314","08434","3555852","3567176","50","45.296","FALSE","0","0","0","0","1","0","0","0","0"
"315","08434","3567176","3578562","50","45.544","FALSE","0","0","0","0","1","0","0","0","0"
"316","08434","3578562","3589948","50","45.544","FALSE","0","0","0","0","1","0","0","0","0"
"317","08434","3589948","3601419","50","45.884","FALSE","0","0","0","0","1","0","0","0","0"
"318","08434","3601419","3612817","51","45.592","FALSE","0","0","0","0","1","0","0","0","0"
"319","08434","3612817","3624086","53","45.076","FALSE","0","0","0","0","1","0","0","0","0"
"320","08434","3624086","3635355","53","45.076","FALSE","0","0","0","0","1","0","0","0","0"
"321","08434","3635355","3646803","52","45.792","FALSE","0","0","0","0","1","0","0","0","0"
"322","08434","3646803","3658156","52","45.412","FALSE","0","0","0","0","1","0","0","0","0"
"323","08434","3658156","3669428","50","45.088","FALSE","0","0","0","0","1","0","0","0","0"
"324","08434","3669428","3680810","50","45.528","FALSE","0","0","0","0","1","0","0","0","0"
"325","08434","3680810","3692069","52","45.036","FALSE","0","0","0","0","1","0","0","0","0"
"326","08434","3692069","3703370","55","45.204","FALSE","0","0","0","0","1","0","0","0","0"
"327","08434","3703370","3714626","56","45.024","FALSE","0","0","0","0","1","0","0","0","0"
"328","08434","3714626","3725924","59","45.192","FALSE","0","0","0","0","1","0","0","0","0"
"329","08434","3725924","3737203","56","45.116","FALSE","0","0","0","0","1","0","0","0","0"
"330","08434","3737203","3748463","53","45.04","FALSE","0","0","0","0","1","0","0","0","0"
"331","08434","3748463","3759871","54","45.632","FALSE","0","0","0","0","1","0","0","0","0"
"332","08434","3759871","3771153","53","45.128","FALSE","0","0","0","0","1","0","0","0","0"
"333","08434","3771153","3782445","53","45.168","FALSE","0","0","0","0","1","0","0","0","0"
"334","08434","3782445","3793704","54","45.036","FALSE","0","0","0","0","1","0","0","0","0"
"335","08434","3793704","3805043","55","45.356","FALSE","0","0","0","0","1","0","0","0","0"
"336","08434","3805043","3816459","52","45.664","FALSE","0","0","0","0","1","0","0","0","0"
"337","08434","3816459","3827930","54","45.884","FALSE","0","0","0","0","1","0","0","0","0"
"338","08434","3827930","3839244","52","45.256","FALSE","0","0","0","0","1","0","0","0","0"
"339","08434","3839244","3850520","54","45.104","FALSE","0","0","0","0","1","0","0","0","0"
"340","08434","3850520","3861810","55","45.16","FALSE","0","0","0","0","1","0","0","0","0"
"341","08434","3861810","3873088","55","45.112","FALSE","0","0","0","0","1","0","0","0","0"
"342","08434","3873088","3884395","56","45.228","FALSE","0","0","0","0","1","0","0","0","0"
"343","08434","3884395","3895816","64","45.684","FALSE","0","0","0","0","1","0","0","0","0"
"344","08434","3895816","3907117","59","45.204","FALSE","0","0","0","0","1","0","0","0","0"
"345","08434","3907117","3918558","59","45.764","FALSE","0","0","0","0","1","0","0","0","0"
"346","08434","3918558","3930003","57","45.78","FALSE","0","0","0","0","1","0","0","0","0"
"347","08434","3930003","3941291","52","45.152","FALSE","0","0","0.0192307692307692","0.0192307692307692","0.884615384615385","0","0","0.0192307692307692","0.0576923076923077"
"348","08434","3941291","3952563","53","45.088","FALSE","0","0","0","0","1","0","0","0","0"
"349","08434","3952563","3963938","51","45.5","FALSE","0","0","0","0","1","0","0","0","0"
"350","08434","3963938","3975264","52","45.304","FALSE","0","0.0192307692307692","0","0","0.942307692307692","0.0192307692307692","0.0192307692307692","0","0"
"351","08434","3975264","3986712","52","45.792","FALSE","0","0","0","0","1","0","0","0","0"
"352","08434","3986712","3997969","50","45.028","FALSE","0","0.02","0","0","0.94","0.02","0.02","0","0"
"353","08434","3997969","4009355","51","45.544","FALSE","0","0","0","0","1","0","0","0","0"
"354","08434","4009355","4020691","50","45.344","FALSE","0","0","0","0","1","0","0","0","0"
"355","08434","4020691","4032016","49","45.3","FALSE","0","0","0","0","1","0","0","0","0"
"356","08434","4032016","4043286","48","45.08","FALSE","0","0.0208333333333333","0","0","0.9375","0.0208333333333333","0.0208333333333333","0","0"
"357","08434","4043286","4054700","49","45.656","FALSE","0","0","0","0","1","0","0","0","0"
"358","08434","4054700","4065993","47","45.172","FALSE","0","0.0212765957446809","0","0.0212765957446809","0.957446808510638","0","0","0","0"
"359","08434","4065993","4077283","47","45.16","FALSE","0","0","0","0","1","0","0","0","0"
"360","08434","4077283","4088536","47","45.012","FALSE","0","0","0","0","1","0","0","0","0"
"361","08434","4088536","4099888","47","45.408","FALSE","0","0","0","0","1","0","0","0","0"
"362","08434","4099888","4111339","47","45.804","FALSE","0","0","0","0","1","0","0","0","0"
"363","08434","4111339","4122814","47","45.9","FALSE","0","0","0","0","1","0","0","0","0"
"364","08434","4122814","4134205","46","45.564","FALSE","0","0","0","0","1","0","0","0","0"
"365","08434","4134205","4145469","46","45.056","FALSE","0","0","0.0217391304347826","0.0217391304347826","0.934782608695652","0","0","0.0217391304347826","0"
"366","08434","4145469","4156815","47","45.384","FALSE","0","0","0","0","1","0","0","0","0"
"367","08434","4156815","4168209","47","45.576","FALSE","0","0","0","0","1","0","0","0","0"
"368","08434","4168209","4179699","47","45.96","FALSE","0","0","0","0","1","0","0","0","0"
"369","08434","4179699","4190972","46","45.092","FALSE","0","0","0","0","1","0","0","0","0"
"370","08434","4190972","4202395","47","45.692","FALSE","0","0","0","0","1","0","0","0","0"
"371","08434","4202395","4213851","46","45.824","FALSE","0","0","0","0","1","0","0","0","0"
"372","08434","4213851","4225329","46","45.912","FALSE","0","0","0","0","1","0","0","0","0"
"373","08434","4225329","4236741","45","45.648","FALSE","0","0","0","0","1","0","0","0","0"
"374","08434","4236741","4248088","45","45.388","FALSE","0","0","0","0","1","0","0","0","0"
"375","08434","4248088","4259550","45","45.848","FALSE","0","0","0","0","1","0","0","0","0"
"376","08434","4259550","4271016","45","45.864","FALSE","0","0","0","0","1","0","0","0","0"
"377","08434","4271016","4282453","45","45.748","FALSE","0","0","0","0","1","0","0","0","0"
"378","08434","4282453","4293713","44","45.04","FALSE","0","0.0227272727272727","0","0.0227272727272727","0.954545454545455","0","0","0","0"
"379","08434","4293713","4305208","44","45.98","FALSE","0","0","0","0","1","0","0","0","0"
"380","08434","4305208","4316700","44","45.968","FALSE","0","0","0","0","1","0","0","0","0"
"381","08434","4316700","4328118","44","45.672","FALSE","0","0","0","0","1","0","0","0","0"
"382","08434","4328118","4339549","44","45.724","FALSE","0","0","0","0","1","0","0","0","0"
"383","08434","4339549","4350873","43","45.296","FALSE","0","0","0","0","1","0","0","0","0"
"384","08434","4350873","4362292","43","45.676","FALSE","0","0","0","0","1","0","0","0","0"
"385","08434","4362292","4373785","43","45.972","FALSE","0","0","0","0","1","0","0","0","0"
"386","08434","4373785","4385197","43","45.648","FALSE","0","0","0","0","1","0","0","0","0"
"387","08434","4385197","4396622","43","45.7","FALSE","0","0","0","0","1","0","0","0","0"
"388","08434","4396622","4407989","43","45.468","FALSE","0","0","0","0","1","0","0","0","0"
"389","08434","4407989","4419389","43","45.6","FALSE","0","0","0","0","1","0","0","0","0"
"390","08434","4419389","4430796","43","45.628","FALSE","0","0","0","0","1","0","0","0","0"
"391","08434","4430796","4442207","43","45.644","FALSE","0","0","0","0","1","0","0","0","0"
"392","08434","4442207","4453708","43","46.004","FALSE","0","0","0","0","1","0","0","0","0"
"393","08434","4453708","4465107","43","45.596","FALSE","0","0","0","0","1","0","0","0","0"
"394","08434","4465107","4476501","43","45.576","FALSE","0","0","0","0","1","0","0","0","0"
"395","08434","4476501","4488018","43","46.068","FALSE","0","0","0","0","1","0","0","0","0"
"396","08434","4488018","4499289","42","45.084","FALSE","0","0","0","0","1","0","0","0","0"
"397","08434","4499289","4510792","43","46.012","FALSE","0","0","0","0","1","0","0","0","0"
"398","08434","4510792","4522245","42","45.812","FALSE","0","0","0","0","1","0","0","0","0"
"399","08434","4522245","4533671","43","45.704","FALSE","0","0","0","0","1","0","0","0","0"
"400","08434","4533671","4545166","43","45.98","FALSE","0","0","0","0","1","0","0","0","0"
"401","08434","4545166","4556485","42","45.276","FALSE","0","0","0","0","1","0","0","0","0"
"402","08434","4556485","4567742","42","45.028","FALSE","0","0","0","0","1","0","0","0","0"
"403","08434","4567742","4579245","43","46.012","FALSE","0","0","0","0","1","0","0","0","0"
"404","08434","4579245","4590562","42","45.268","FALSE","0","0","0","0","1","0","0","0","0"
"405","08434","4590562","4601820","42","45.032","FALSE","0","0","0","0","1","0","0","0","0"
"406","08434","4601820","4613080","42","45.04","FALSE","0","0","0","0","1","0","0","0","0"
"407","08434","4613080","4624332","42","45.008","FALSE","0","0","0","0","1","0","0","0","0"
"408","08434","4624332","4635585","42","45.012","FALSE","0","0","0","0","1","0","0","0","0"
"409","08434","4635585","4646982","43","45.588","FALSE","0","0","0","0","1","0","0","0","0"
"410","08434","4646982","4658423","43","45.764","FALSE","0","0","0","0","1","0","0","0","0"
"411","08434","4658423","4669683","42","45.04","FALSE","0","0","0","0","1","0","0","0","0"
"412","08434","4669683","4681190","43","46.028","FALSE","0","0","0","0","1","0","0","0","0"
"413","08434","4681190","4692595","43","45.62","FALSE","0","0","0","0","1","0","0","0","0"
"414","08434","4692595","4704068","43","45.892","FALSE","0","0","0","0","1","0","0","0","0"
"415","08434","4704068","4715443","43","45.5","FALSE","0","0","0","0","1","0","0","0","0"
"416","08434","4715443","4726870","43","45.708","FALSE","0","0","0","0","1","0","0","0","0"
"417","08434","4726870","4738336","43","45.864","FALSE","0","0","0","0","1","0","0","0","0"
"418","08434","4738336","4749628","43","45.168","FALSE","0","0","0","0","1","0","0","0","0"
"419","08434","4749628","4761033","43","45.62","FALSE","0","0","0","0","1","0","0","0","0"
"420","08434","4761033","4772399","43","45.464","FALSE","0","0","0","0","1","0","0","0","0"
"421","08434","4772399","4783766","43","45.468","FALSE","0","0","0","0","1","0","0","0","0"
"422","08434","4783766","4795204","43","45.752","FALSE","0","0","0","0","1","0","0","0","0"
"423","08434","4795204","4806535","43","45.324","FALSE","0","0","0","0","1","0","0","0","0"
"424","08434","4806535","4817917","43","45.528","FALSE","0","0","0","0","1","0","0","0","0"
"425","08434","4817917","4829256","43","45.356","FALSE","0","0","0","0","1","0","0","0","0"
"426","08434","4829256","4840664","43","45.632","FALSE","0","0","0","0","1","0","0","0","0"
"427","08434","4840664","4852140","47","45.904","FALSE","0","0.0212765957446809","0","0.0212765957446809","0.957446808510638","0","0","0","0"
"428","08434","4852140","4863411","47","45.084","FALSE","0","0","0","0","1","0","0","0","0"
"429","08434","4863411","4874671","46","45.04","FALSE","0","0.0217391304347826","0","0","0.934782608695652","0.0217391304347826","0.0217391304347826","0","0"
"430","08434","4874671","4886059","46","45.552","FALSE","0","0","0","0","1","0","0","0","0"
"431","08434","4886059","4897493","47","45.736","FALSE","0","0","0","0","1","0","0","0","0"
"432","08434","4897493","4908841","46","45.392","FALSE","0","0","0","0","1","0","0","0","0"
"433","08434","4908841","4920231","46","45.56","FALSE","0","0","0","0","1","0","0","0","0"
"434","08434","4920231","4931613","46","45.528","FALSE","0","0","0","0","1","0","0","0","0"
"435","08434","4931613","4943105","46","45.968","FALSE","0","0.0217391304347826","0","0","0.934782608695652","0.0217391304347826","0.0217391304347826","0","0"
"436","08434","4943105","4954366","45","45.044","FALSE","0","0","0","0","1","0","0","0","0"
"437","08434","4954366","4965695","45","45.316","FALSE","0","0","0","0","1","0","0","0","0"
"438","08434","4965695","4977083","45","45.552","FALSE","0","0","0","0","1","0","0","0","0"
"439","08434","4977083","4988455","45","45.488","FALSE","0","0","0","0","1","0","0","0","0"
"440","08434","4988455","4999854","45","45.596","FALSE","0","0.0222222222222222","0","0","0.933333333333333","0.0222222222222222","0.0222222222222222","0","0"
"441","08434","4999854","5011132","43","45.112","FALSE","0","0","0","0","1","0","0","0","0"
"442","08434","5011132","5022629","45","45.988","FALSE","0","0","0","0","1","0","0","0","0"
"443","08434","5022629","5034020","45","45.564","FALSE","0","0","0","0","1","0","0","0","0"
"444","08434","5034020","5045361","45","45.364","FALSE","0","0","0","0","1","0","0","0","0"
"445","08434","5045361","5056849","47","45.952","FALSE","0","0","0","0","1","0","0","0","0"
"446","08434","5056849","5068158","46","45.236","FALSE","0","0","0","0","1","0","0","0","0"
"447","08434","5068158","5079542","45","45.536","FALSE","0","0","0","0","1","0","0","0","0"
"448","08434","5079542","5091025","46","45.932","FALSE","0","0","0","0","1","0","0","0","0"
"449","08434","5091025","5102508","45","45.932","FALSE","0","0","0","0","1","0","0","0","0"
"450","08434","5102508","5113942","46","45.736","FALSE","0","0","0","0","1","0","0","0","0"
"451","08434","5113942","5125457","46","46.06","FALSE","0","0.0217391304347826","0","0","0.934782608695652","0.0217391304347826","0.0217391304347826","0","0"
"452","08434","5125457","5136770","44","45.252","FALSE","0","0","0","0","1","0","0","0","0"
"453","08434","5136770","5148140","44","45.48","FALSE","0","0","0","0","1","0","0","0","0"
"454","08434","5148140","5159475","44","45.34","FALSE","0","0","0","0","1","0","0","0","0"
"455","08434","5159475","5170929","44","45.816","FALSE","0","0","0","0","1","0","0","0","0"
"456","08434","5170929","5182293","44","45.456","FALSE","0","0","0","0","1","0","0","0","0"
"457","08434","5182293","5193634","44","45.364","FALSE","0","0","0","0","1","0","0","0","0"
"458","08434","5193634","5204997","44","45.452","FALSE","0","0","0","0","1","0","0","0","0"
"459","08434","5204997","5216368","44","45.484","FALSE","0","0","0","0","1","0","0","0","0"
"460","08434","5216368","5227779","44","45.644","FALSE","0","0","0","0","1","0","0","0","0"
"461","08434","5227779","5239119","44","45.36","FALSE","0","0","0","0","1","0","0","0","0"
"462","08434","5239119","5250404","44","45.14","FALSE","0","0","0","0","1","0","0","0","0"
"463","08434","5250404","5261818","44","45.656","FALSE","0","0","0","0","1","0","0","0","0"
"464","08434","5261818","5273155","44","45.348","FALSE","0","0","0","0","1","0","0","0","0"
"465","08434","5273155","5284432","43","45.108","FALSE","0","0","0","0","1","0","0","0","0"
"466","08434","5284432","5295729","45","45.188","FALSE","0","0.0222222222222222","0","0","0.933333333333333","0.0222222222222222","0.0222222222222222","0","0"
"467","08434","5295729","5307021","44","45.168","FALSE","0","0","0","0","1","0","0","0","0"
"468","08434","5307021","5318429","45","45.632","FALSE","0","0","0","0","1","0","0","0","0"
"469","08434","5318429","5329791","45","45.448","FALSE","0","0","0","0","1","0","0","0","0"
"470","08434","5329791","5341247","45","45.824","FALSE","0","0","0","0","1","0","0","0","0"
"471","08434","5341247","5352613","45","45.464","FALSE","0","0","0","0","1","0","0","0","0"
"472","08434","5352613","5363939","44","45.304","FALSE","0","0","0","0","1","0","0","0","0"
"473","08434","5363939","5375377","45","45.752","FALSE","0","0","0","0","1","0","0","0","0"
"474","08434","5375377","5386670","45","45.172","FALSE","0","0","0","0","1","0","0","0","0"
"475","08434","5386670","5398144","45","45.896","FALSE","0","0","0","0","1","0","0","0","0"
"476","08434","5398144","5409429","44","45.14","FALSE","0","0","0","0","1","0","0","0","0"
"477","08434","5409429","5420791","44","45.448","FALSE","0","0","0","0","1","0","0","0","0"
"478","08434","5420791","5432054","44","45.052","FALSE","0","0","0","0","1","0","0","0","0"
"479","08434","5432054","5443420","45","45.464","FALSE","0","0","0","0","1","0","0","0","0"
"480","08434","5443420","5454824","45","45.616","FALSE","0","0","0","0","1","0","0","0","0"
"481","08434","5454824","5466185","45","45.444","FALSE","0","0","0","0","1","0","0","0","0"
"482","08434","5466185","5477468","44","45.132","FALSE","0","0","0","0","1","0","0","0","0"
"483","08434","5477468","5488863","45","45.58","FALSE","0","0","0","0","1","0","0","0","0"
"484","08434","5488863","5500227","45","45.456","FALSE","0","0","0","0","1","0","0","0","0"
"485","08434","5500227","5511596","45","45.476","FALSE","0","0","0","0","1","0","0","0","0"
"486","08434","5511596","5523084","46","45.952","FALSE","0","0","0","0","1","0","0","0","0"
"487","08434","5523084","5534422","45","45.352","FALSE","0","0","0","0","1","0","0","0","0"
"488","08434","5534422","5545808","44","45.544","FALSE","0","0.0227272727272727","0","0","0.931818181818182","0.0227272727272727","0.0227272727272727","0","0"
"489","08434","5545808","5557219","45","45.644","FALSE","0","0","0","0","1","0","0","0","0"
"490","08434","5557219","5568526","45","45.228","FALSE","0","0","0","0","1","0","0","0","0"
"491","08434","5568526","5579850","45","45.296","FALSE","0","0","0","0","1","0","0","0","0"
"492","08434","5579850","5591111","45","45.044","FALSE","0","0","0","0","1","0","0","0","0"
"493","08434","5591111","5602462","45","45.404","FALSE","0","0","0","0","1","0","0","0","0"
"494","08434","5602462","5613778","45","45.264","FALSE","0","0","0","0","1","0","0","0","0"
"495","08434","5613778","5625172","45","45.576","FALSE","0","0","0","0","1","0","0","0","0"
"496","08434","5625172","5636572","45","45.6","FALSE","0","0","0","0","1","0","0","0","0"
"497","08434","5636572","5647834","45","45.048","FALSE","0","0","0","0","1","0","0","0","0"
"498","08434","5647834","5659224","45","45.56","FALSE","0","0","0","0","1","0","0","0","0"
"499","08434","5659224","5670600","45","45.504","FALSE","0","0","0","0","1","0","0","0","0"
"500","08434","5670600","5682019","45","45.676","FALSE","0","0","0","0","1","0","0","0","0"
"501","08434","5682019","5693305","45","45.144","FALSE","0","0","0","0","1","0","0","0","0"
"502","08434","5693305","5704642","45","45.348","FALSE","0","0","0","0","1","0","0","0","0"
"503","08434","5704642","5715952","45","45.24","FALSE","0","0","0","0","1","0","0","0","0"
"504","08434","5715952","5727331","45","45.516","FALSE","0","0","0","0","1","0","0","0","0"
"505","08434","5727331","5738613","45","45.128","FALSE","0","0","0","0","1","0","0","0","0"
"506","08434","5738613","5749895","45","45.128","FALSE","0","0","0","0","1","0","0","0","0"
"507","08434","5749895","5761268","45","45.492","FALSE","0","0","0","0","1","0","0","0","0"
"508","08434","5761268","5772610","45","45.368","FALSE","0","0","0","0","1","0","0","0","0"
"509","08434","5772610","5783916","45","45.224","FALSE","0","0","0","0","1","0","0","0","0"
"510","08434","5783916","5795343","45","45.708","FALSE","0","0","0","0","1","0","0","0","0"
"511","08434","5795343","5806615","45","45.088","FALSE","0","0","0","0","1","0","0","0","0"
"512","08434","5806615","5817893","45","45.112","FALSE","0","0","0","0","1","0","0","0","0"
"513","08434","5817893","5829236","45","45.372","FALSE","0","0","0","0","1","0","0","0","0"
"514","08434","5829236","5840722","46","45.944","FALSE","0","0","0","0","1","0","0","0","0"
"515","08434","5840722","5852095","45","45.492","FALSE","0","0","0","0","1","0","0","0","0"
"516","08434","5852095","5863496","45","45.604","FALSE","0","0","0","0","1","0","0","0","0"
"517","08434","5863496","5874850","45","45.416","FALSE","0","0","0","0","1","0","0","0","0"
"518","08434","5874850","5886333","45","45.932","FALSE","0","0","0","0","1","0","0","0","0"
"519","08434","5886333","5897789","45","45.824","FALSE","0","0","0","0","1","0","0","0","0"
"520","08434","5897789","5909062","45","45.092","FALSE","0","0","0","0","1","0","0","0","0"
"521","08434","5909062","5920529","45","45.868","FALSE","0","0","0","0","1","0","0","0","0"
"522","08434","5920529","5931961","46","45.728","FALSE","0","0","0","0","1","0","0","0","0"
"523","08434","5931961","5943233","50","45.088","FALSE","0","0.02","0","0","0.94","0.02","0.02","0","0"
"524","08434","5943233","5954578","49","45.38","FALSE","0","0","0","0","1","0","0","0","0"
"525","08434","5954578","5965885","48","45.228","FALSE","0","0.0208333333333333","0","0","0.9375","0.0208333333333333","0.0208333333333333","0","0"
"526","08434","5965885","5977318","48","45.732","FALSE","0","0.0208333333333333","0.0208333333333333","0.0416666666666667","0.875","0","0","0.0208333333333333","0.0208333333333333"
"527","08434","5977318","5988755","49","45.748","FALSE","0","0","0","0","1","0","0","0","0"
"528","08434","5988755","6000047","49","45.168","FALSE","0","0","0","0","1","0","0","0","0"
"529","08434","6000047","6011454","49","45.628","FALSE","0","0","0","0","1","0","0","0","0"
"530","08434","6011454","6022892","50","45.752","FALSE","0","0","0","0","1","0","0","0","0"
"531","08434","6022892","6034304","50","45.648","FALSE","0","0","0","0","1","0","0","0","0"
"532","08434","6034304","6045563","47","45.036","FALSE","0","0","0","0","1","0","0","0","0"
"533","08434","6045563","6056929","48","45.464","FALSE","0","0","0","0","1","0","0","0","0"
"534","08434","6056929","6068179","46","45","FALSE","0","0","0","0","1","0","0","0","0"
"535","08434","6068179","6079464","47","45.14","FALSE","0","0","0","0","1","0","0","0","0"
"536","08434","6079464","6090916","46","45.808","FALSE","0","0","0","0","1","0","0","0","0"
"537","08434","6090916","6102187","45","45.084","FALSE","0","0","0","0","1","0","0","0","0"
"538","08434","6102187","6113536","45","45.396","FALSE","0","0","0","0","1","0","0","0","0"
"539","08434","6113536","6124844","45","45.232","FALSE","0","0","0","0","1","0","0","0","0"
"540","08434","6124844","6136208","45","45.456","FALSE","0","0","0","0","1","0","0","0","0"
"541","08434","6136208","6147653","45","45.78","FALSE","0","0","0","0","1","0","0","0","0"
"542","08434","6147653","6159152","46","45.996","FALSE","0","0","0","0","1","0","0","0","0"
"543","08434","6159152","6170422","44","45.08","FALSE","0","0","0","0","1","0","0","0","0"
"544","08434","6170422","6181741","45","45.276","FALSE","0","0","0","0","1","0","0","0","0"
"545","08434","6181741","6193216","45","45.9","FALSE","0","0","0","0","1","0","0","0","0"
"546","08434","6193216","6204687","45","45.884","FALSE","0","0","0","0","1","0","0","0","0"
"547","08434","6204687","6216062","45","45.5","FALSE","0","0","0","0","1","0","0","0","0"
"548","08434","6216062","6227394","45","45.328","FALSE","0","0","0","0","1","0","0","0","0"
"549","08434","6227394","6238889","45","45.98","FALSE","0","0","0","0","1","0","0","0","0"
"550","08434","6238889","6250318","45","45.716","FALSE","0","0","0","0","1","0","0","0","0"
"551","08434","6250318","6261733","46","45.66","FALSE","0","0","0","0","1","0","0","0","0"
"552","08434","6261733","6273084","56","45.404","FALSE","0.0357142857142857","0.0178571428571429","0.0357142857142857","0.0178571428571429","0.75","0.0357142857142857","0.0357142857142857","0.0357142857142857","0.0357142857142857"
"553","08434","6273084","6284384","50","45.2","FALSE","0","0","0","0","1","0","0","0","0"
"554","08434","6284384","6295848","49","45.856","FALSE","0","0","0","0","1","0","0","0","0"
"555","08434","6295848","6307232","50","45.536","FALSE","0","0","0","0","1","0","0","0","0"
"556","08434","6307232","6318507","49","45.1","FALSE","0","0","0","0","1","0","0","0","0"
"557","08434","6318507","6329829","50","45.288","FALSE","0","0","0","0","1","0","0","0","0"
"558","08434","6329829","6341202","49","45.492","FALSE","0","0","0","0","1","0","0","0","0"
"559","08434","6341202","6352665","49","45.852","FALSE","0","0","0","0","1","0","0","0","0"
"560","08434","6352665","6364001","48","45.344","FALSE","0","0","0","0","1","0","0","0","0"
"561","08434","6364001","6375441","50","45.76","FALSE","0","0","0","0","1","0","0","0","0"
"562","08434","6375441","6386886","49","45.78","FALSE","0","0","0","0","1","0","0","0","0"
"563","08434","6386886","6398259","49","45.492","FALSE","0","0","0","0","1","0","0","0","0"
"564","08434","6398259","6409644","49","45.54","FALSE","0","0","0","0","1","0","0","0","0"
"565","08434","6409644","6420965","49","45.284","FALSE","0","0","0","0","1","0","0","0","0"
"566","08434","6420965","6432319","48","45.416","FALSE","0","0","0","0","1","0","0","0","0"
"567","08434","6432319","6443571","48","45.008","FALSE","0","0","0","0","1","0","0","0","0"
"568","08434","6443571","6454834","48","45.052","FALSE","0","0","0","0","1","0","0","0","0"
"569","08434","6454834","6466101","50","45.068","FALSE","0","0","0","0","1","0","0","0","0"
"570","08434","6466101","6477478","50","45.508","FALSE","0","0","0","0","1","0","0","0","0"
"571","08434","6477478","6488941","50","45.852","FALSE","0","0","0","0","1","0","0","0","0"
"572","08434","6488941","6500214","51","45.092","FALSE","0","0","0","0","1","0","0","0","0"
"573","08434","6500214","6511502","50","45.152","FALSE","0","0","0","0","1","0","0","0","0"
"574","08434","6511502","6522788","50","45.144","FALSE","0","0","0","0","1","0","0","0","0"
"575","08434","6522788","6534111","50","45.292","FALSE","0","0","0","0","1","0","0","0","0"
"576","08434","6534111","6545571","53","45.84","FALSE","0","0","0","0","0.962264150943396","0.0188679245283019","0","0.0188679245283019","0"
"577","08434","6545571","6556841","50","45.08","FALSE","0","0","0","0","1","0","0","0","0"
"578","08434","6556841","6568273","50","45.728","FALSE","0","0","0","0","1","0","0","0","0"
"579","08434","6568273","6579553","51","45.12","FALSE","0","0","0","0","1","0","0","0","0"
"580","08434","6579553","6590915","50","45.448","FALSE","0","0","0","0","1","0","0","0","0"
"581","08434","6590915","6602317","52","45.608","FALSE","0","0","0","0","1","0","0","0","0"
"582","08434","6602317","6613765","52","45.792","FALSE","0","0","0","0","1","0","0","0","0"
"583","08434","6613765","6625066","49","45.204","FALSE","0","0","0","0","1","0","0","0","0"
"584","08434","6625066","6636469","51","45.612","FALSE","0","0","0","0","1","0","0","0","0"
"585","08434","6636469","6647877","51","45.632","FALSE","0","0","0","0","1","0","0","0","0"
"586","08434","6647877","6659349","49","45.888","FALSE","0","0","0","0","1","0","0","0","0"
"587","08434","6659349","6670727","50","45.512","FALSE","0","0","0","0","1","0","0","0","0"
"588","08434","6670727","6682089","50","45.448","FALSE","0","0","0","0","1","0","0","0","0"
"589","08434","6682089","6693387","51","45.192","FALSE","0","0","0","0","1","0","0","0","0"
"590","08434","6693387","6704813","50","45.704","FALSE","0","0.02","0","0","0.94","0.02","0.02","0","0"
"591","08434","6704813","6716078","49","45.06","FALSE","0","0","0","0","1","0","0","0","0"
"592","08434","6716078","6727417","49","45.356","FALSE","0","0","0","0","1","0","0","0","0"
"593","08434","6727417","6738804","51","45.548","FALSE","0","0","0","0","1","0","0","0","0"
"594","08434","6738804","6750067","50","45.052","FALSE","0","0","0","0","1","0","0","0","0"
"595","08434","6750067","6761531","50","45.856","FALSE","0","0","0","0","1","0","0","0","0"
"596","08434","6761531","6772957","49","45.704","FALSE","0","0","0","0","1","0","0","0","0"
"597","08434","6772957","6784283","50","45.304","FALSE","0","0","0","0","1","0","0","0","0"
"598","08434","6784283","6795598","50","45.26","FALSE","0","0","0","0","1","0","0","0","0"
"599","08434","6795598","6806978","50","45.52","FALSE","0","0","0","0","1","0","0","0","0"
"600","08434","6806978","6818229","48","45.004","FALSE","0","0.0208333333333333","0","0.0208333333333333","0.958333333333333","0","0","0","0"
"601","08434","6818229","6829518","49","45.156","FALSE","0","0","0","0","1","0","0","0","0"
"602","08434","6829518","6840843","49","45.3","FALSE","0","0","0","0","1","0","0","0","0"
"603","08434","6840843","6852165","50","45.288","FALSE","0","0","0","0","1","0","0","0","0"
"604","08434","6852165","6863451","50","45.144","FALSE","0","0","0","0","1","0","0","0","0"
"605","08434","6863451","6874732","49","45.124","FALSE","0","0","0","0","1","0","0","0","0"
"606","08434","6874732","6886086","50","45.416","FALSE","0","0","0","0","1","0","0","0","0"
"607","08434","6886086","6897432","51","45.384","FALSE","0","0","0","0","1","0","0","0","0"
"608","08434","6897432","6908894","52","45.848","FALSE","0","0","0","0","1","0","0","0","0"
"609","08434","6908894","6920289","49","45.58","FALSE","0","0","0","0","1","0","0","0","0"
"610","08434","6920289","6931679","50","45.56","FALSE","0","0","0","0","1","0","0","0","0"
"611","08434","6931679","6942932","50","45.012","FALSE","0","0","0","0","1","0","0","0","0"
"612","08434","6942932","6954260","50","45.312","FALSE","0","0","0","0","1","0","0","0","0"
"613","08434","6954260","6965677","51","45.668","FALSE","0","0","0","0","1","0","0","0","0"
"614","08434","6965677","6976947","51","45.08","FALSE","0","0","0","0","1","0","0","0","0"
"615","08434","6976947","6988263","52","45.264","FALSE","0","0","0","0","1","0","0","0","0"
"616","08434","6988263","6999539","54","45.104","FALSE","0","0","0","0","1","0","0","0","0"
"617","08434","6999539","7010937","60","45.592","FALSE","0","0","0","0","1","0","0","0","0"
"618","08434","7010937","7022278","63","45.364","FALSE","0","0","0","0","1","0","0","0","0"
"619","08434","7022278","7033643","66","45.46","FALSE","0","0","0","0","1","0","0","0","0"
"620","08434","7033643","7045037","59","45.576","FALSE","0","0","0","0","1","0","0","0","0"
"621","08434","7045037","7056445","56","45.632","FALSE","0","0","0","0","1","0","0","0","0"
"622","08434","7056445","7067850","58","45.62","FALSE","0","0","0","0","1","0","0","0","0"
"623","08434","7067850","7079235","58","45.54","FALSE","0","0","0","0","1","0","0","0","0"
"624","08434","7079235","7090503","60","45.072","FALSE","0","0","0","0","1","0","0","0","0"
"625","08434","7090503","7101837","65","45.336","FALSE","0","0","0","0","1","0","0","0","0"
"626","08434","7101837","7113240","61","45.612","FALSE","0","0","0","0","1","0","0","0","0"
"627","08434","7113240","7124623","54","45.532","FALSE","0","0","0","0","1","0","0","0","0"
"628","08434","7124623","7136077","53","45.816","FALSE","0","0.0566037735849057","0","0","0.830188679245283","0.0566037735849057","0.0566037735849057","0","0"
"629","08434","7136077","7147388","52","45.244","FALSE","0","0.0192307692307692","0","0","0.942307692307692","0.0192307692307692","0.0192307692307692","0","0"
"630","08434","7147388","7158726","52","45.352","FALSE","0","0","0","0","1","0","0","0","0"
"631","08434","7158726","7170017","50","45.164","FALSE","0","0","0","0","1","0","0","0","0"
"632","08434","7170017","7181281","49","45.056","FALSE","0","0","0","0","1","0","0","0","0"
"633","08434","7181281","7192731","50","45.8","FALSE","0","0","0","0","1","0","0","0","0"
"634","08434","7192731","7204173","49","45.768","FALSE","0","0","0","0","1","0","0","0","0"
"635","08434","7204173","7215559","49","45.544","FALSE","0","0","0","0","1","0","0","0","0"
"636","08434","7215559","7226870","49","45.244","FALSE","0","0","0","0","1","0","0","0","0"
"637","08434","7226870","7238265","49","45.58","FALSE","0","0","0","0","1","0","0","0","0"
"638","08434","7238265","7249598","49","45.332","FALSE","0","0","0","0","1","0","0","0","0"
"639","08434","7249598","7261068","50","45.88","FALSE","0","0","0","0","1","0","0","0","0"
"640","08434","7261068","7272466","50","45.592","FALSE","0","0","0","0","1","0","0","0","0"
"641","08434","7272466","7283773","47","45.228","FALSE","0","0","0","0","1","0","0","0","0"
"642","08434","7283773","7295043","48","45.08","FALSE","0","0","0","0","1","0","0","0","0"
"643","08434","7295043","7306376","49","45.332","FALSE","0","0","0","0","1","0","0","0","0"
"644","08434","7306376","7317672","49","45.184","FALSE","0","0","0","0","1","0","0","0","0"
"645","08434","7317672","7329016","48","45.376","FALSE","0","0","0","0","1","0","0","0","0"
"646","08434","7329016","7340428","49","45.648","FALSE","0","0","0","0","1","0","0","0","0"
"647","08434","7340428","7351684","49","45.024","FALSE","0","0","0","0","1","0","0","0","0"
"648","08434","7351684","7363099","48","45.66","FALSE","0","0","0","0","1","0","0","0","0"
"649","08434","7363099","7374409","49","45.24","FALSE","0","0","0","0","1","0","0","0","0"
"650","08434","7374409","7385672","47","45.052","FALSE","0","0","0","0","1","0","0","0","0"
"651","08434","7385672","7397025","49","45.412","FALSE","0","0","0","0","1","0","0","0","0"
"652","08434","7397025","7408317","48","45.168","FALSE","0","0","0","0","1","0","0","0","0"
"653","08434","7408317","7419696","48","45.516","FALSE","0","0","0","0","1","0","0","0","0"
"654","08434","7419696","7430980","52","45.136","FALSE","0","0.0192307692307692","0","0","0.923076923076923","0.0192307692307692","0.0192307692307692","0","0.0192307692307692"
"655","08434","7430980","7442457","53","45.908","FALSE","0","0","0","0","1","0","0","0","0"
"656","08434","7442457","7453903","50","45.784","FALSE","0","0","0","0","1","0","0","0","0"
"657","08434","7453903","7465285","49","45.528","FALSE","0","0","0","0","1","0","0","0","0"
"658","08434","7465285","7476592","49","45.228","FALSE","0","0","0","0","1","0","0","0","0"
"659","08434","7476592","7487943","49","45.404","FALSE","0","0","0","0","1","0","0","0","0"
"660","08434","7487943","7499270","49","45.308","FALSE","0","0","0","0","1","0","0","0","0"
"661","08434","7499270","7510705","49","45.74","FALSE","0","0","0","0","1","0","0","0","0"
"662","08434","7510705","7522032","49","45.308","FALSE","0","0","0","0","1","0","0","0","0"
"663","08434","7522032","7533353","48","45.284","FALSE","0","0","0","0","1","0","0","0","0"
"664","08434","7533353","7544777","50","45.696","FALSE","0","0.02","0","0","0.94","0.02","0.02","0","0"
"665","08434","7544777","7556249","49","45.888","FALSE","0","0","0","0","1","0","0","0","0"
"666","08434","7556249","7567519","48","45.08","FALSE","0","0","0","0","1","0","0","0","0"
"667","08434","7567519","7578955","48","45.744","FALSE","0","0","0.0208333333333333","0.0208333333333333","0.9375","0","0","0.0208333333333333","0"
"668","08434","7578955","7590363","49","45.632","FALSE","0","0","0","0","1","0","0","0","0"
"669","08434","7590363","7601828","49","45.86","FALSE","0","0.0204081632653061","0","0","0.938775510204082","0.0204081632653061","0.0204081632653061","0","0"
"670","08434","7601828","7613251","50","45.692","FALSE","0","0","0.02","0.02","0.94","0","0","0.02","0"
"671","08434","7613251","7624682","51","45.724","FALSE","0","0","0","0","1","0","0","0","0"
"672","08434","7624682","7636105","50","45.692","FALSE","0","0","0","0","1","0","0","0","0"
"673","08434","7636105","7647572","50","45.868","FALSE","0","0","0","0","1","0","0","0","0"
"674","08434","7647572","7658894","48","45.288","FALSE","0","0","0","0","1","0","0","0","0"
"675","08434","7658894","7670333","49","45.756","FALSE","0","0","0","0","1","0","0","0","0"
"676","08434","7670333","7681707","48","45.496","FALSE","0","0","0","0","1","0","0","0","0"
"677","08434","7681707","7693126","48","45.676","FALSE","0","0","0","0","1","0","0","0","0"
"678","08434","7693126","7704496","49","45.48","FALSE","0","0","0","0","1","0","0","0","0"
"679","08434","7704496","7715814","49","45.272","FALSE","0","0","0","0","1","0","0","0","0"
"680","08434","7715814","7727128","47","45.256","FALSE","0","0","0","0","1","0","0","0","0"
"681","08434","7727128","7738446","47","45.272","FALSE","0","0","0","0","1","0","0","0","0"
"682","08434","7738446","7749725","47","45.116","FALSE","0","0","0","0","1","0","0","0","0"
"683","08434","7749725","7761075","51","45.4","FALSE","0","0","0","0","1","0","0","0","0"
"684","08434","7761075","7772555","47","45.92","FALSE","0","0","0","0","1","0","0","0","0"
"685","08434","7772555","7783813","47","45.032","FALSE","0","0","0","0","1","0","0","0","0"
"686","08434","7783813","7795151","47","45.352","FALSE","0","0","0","0","1","0","0","0","0"
"687","08434","7795151","7806445","46","45.176","FALSE","0","0","0","0","1","0","0","0","0"
"688","08434","7806445","7817874","46","45.716","FALSE","0","0","0","0","1","0","0","0","0"
"689","08434","7817874","7829253","46","45.516","FALSE","0","0","0","0","1","0","0","0","0"
"690","08434","7829253","7840549","46","45.184","FALSE","0","0","0","0","1","0","0","0","0"
"691","08434","7840549","7851910","46","45.444","FALSE","0","0","0","0","1","0","0","0","0"
"692","08434","7851910","7863402","47","45.968","FALSE","0","0.0425531914893617","0","0","0.872340425531915","0.0425531914893617","0.0425531914893617","0","0"
"693","08434","7863402","7874671","49","45.076","FALSE","0","0.163265306122449","0","0","0.510204081632653","0.163265306122449","0.163265306122449","0","0"
"694","08434","7874671","7886153","50","45.928","FALSE","0","0.2","0","0","0.36","0.22","0.22","0","0"
"695","08434","7886153","7897504","51","45.404","FALSE","0.0196078431372549","0.215686274509804","0.0196078431372549","0","0.294117647058824","0.215686274509804","0.235294117647059","0","0"
"696","08434","7897504","7908902","51","45.592","FALSE","0.0392156862745098","0.254901960784314","0.0392156862745098","0","0.156862745098039","0.235294117647059","0.274509803921569","0","0"
"697","08434","7908902","7920248","52","45.384","FALSE","0","0.25","0.0192307692307692","0","0.173076923076923","0.269230769230769","0.288461538461538","0","0"
"698","08434","7920248","7931517","51","45.076","FALSE","0.0392156862745098","0.274509803921569","0.0588235294117647","0","0.0392156862745098","0.254901960784314","0.313725490196078","0","0.0196078431372549"
"699","08434","7931517","7943000","54","45.932","FALSE","0.0555555555555556","0.240740740740741","0.0555555555555556","0","0.0555555555555556","0.240740740740741","0.296296296296296","0","0.0555555555555556"
"700","08434","7943000","7954330","53","45.32","FALSE","0.0377358490566038","0.245283018867925","0.0566037735849057","0","0.0754716981132075","0.264150943396226","0.30188679245283","0","0.0188679245283019"
"701","08434","7954330","7965606","52","45.104","FALSE","0.0192307692307692","0.288461538461538","0.0384615384615385","0","0","0.288461538461538","0.346153846153846","0","0.0192307692307692"
"702","08434","7965606","7976972","53","45.464","FALSE","0.0377358490566038","0.264150943396226","0.0566037735849057","0","0.0377358490566038","0.245283018867925","0.30188679245283","0","0.0566037735849057"
"703","08434","7976972","7988308","53","45.344","FALSE","0","0.30188679245283","0.0188679245283019","0","0.0188679245283019","0.320754716981132","0.339622641509434","0","0"
"704","08434","7988308","7999663","55","45.42","FALSE","0.0181818181818182","0.254545454545455","0.0545454545454545","0.0363636363636364","0.0545454545454545","0.254545454545455","0.254545454545455","0.0363636363636364","0.0363636363636364"
"705","08434","7999663","8011017","52","45.416","FALSE","0.0961538461538462","0.192307692307692","0.134615384615385","0","0","0.192307692307692","0.346153846153846","0","0.0384615384615385"
"706","08434","8011017","8022512","55","45.98","FALSE","0.0363636363636364","0.254545454545455","0.0909090909090909","0","0","0.254545454545455","0.345454545454545","0","0.0181818181818182"
"707","08434","8022512","8033830","55","45.272","FALSE","0.0181818181818182","0.254545454545455","0.109090909090909","0","0","0.254545454545455","0.363636363636364","0","0"
"708","08434","8033830","8045285","54","45.82","FALSE","0.0555555555555556","0.222222222222222","0.12962962962963","0.0185185185185185","0","0.222222222222222","0.333333333333333","0.0185185185185185","0"
"709","08434","8045285","8056610","56","45.3","FALSE","0.0714285714285714","0.196428571428571","0.125","0.0178571428571429","0","0.196428571428571","0.303571428571429","0.0178571428571429","0.0714285714285714"
"710","08434","8056610","8067916","52","45.224","FALSE","0.0384615384615385","0.288461538461538","0.0576923076923077","0","0.0192307692307692","0.269230769230769","0.326923076923077","0","0"
"711","08434","8067916","8079390","57","45.896","FALSE","0.0175438596491228","0.157894736842105","0.157894736842105","0.0175438596491228","0.087719298245614","0.157894736842105","0.315789473684211","0","0.087719298245614"
"712","08434","8079390","8090846","51","45.824","FALSE","0.0392156862745098","0.254901960784314","0.0588235294117647","0","0.0784313725490196","0.254901960784314","0.313725490196078","0","0"
"713","08434","8090846","8102179","52","45.332","FALSE","0.0192307692307692","0.269230769230769","0.0769230769230769","0","0.0576923076923077","0.25","0.326923076923077","0","0"
"714","08434","8102179","8113649","52","45.88","FALSE","0","0.288461538461538","0","0","0.134615384615385","0.288461538461538","0.288461538461538","0","0"
"715","08434","8113649","8124998","50","45.396","FALSE","0.04","0.22","0.04","0","0.22","0.22","0.26","0","0"
"716","08434","8124998","8136319","49","45.284","FALSE","0","0.224489795918367","0","0","0.26530612244898","0.244897959183673","0.244897959183673","0","0.0204081632653061"
"717","08434","8136319","8147622","50","45.212","FALSE","0","0.2","0.06","0.04","0.3","0.16","0.2","0.02","0.02"
"718","08434","8147622","8158971","48","45.396","FALSE","0","0.166666666666667","0","0","0.5","0.166666666666667","0.166666666666667","0","0"
"719","08434","8158971","8170440","47","45.876","FALSE","0","0.0638297872340425","0","0","0.680851063829787","0.127659574468085","0.0638297872340425","0.0638297872340425","0"
"720","08434","8170440","8181735","46","45.18","FALSE","0","0.0869565217391304","0","0","0.695652173913043","0.108695652173913","0.0869565217391304","0.0217391304347826","0"
"721","08434","8181735","8193022","47","45.148","FALSE","0","0.127659574468085","0","0","0.617021276595745","0.127659574468085","0.127659574468085","0","0"
"722","08434","8193022","8204309","48","45.148","FALSE","0","0.145833333333333","0.0208333333333333","0","0.458333333333333","0.1875","0.166666666666667","0.0208333333333333","0"
"723","08434","8204309","8215631","48","45.288","FALSE","0","0.1875","0.0208333333333333","0","0.375","0.1875","0.208333333333333","0.0208333333333333","0"
"724","08434","8215631","8227073","49","45.768","FALSE","0","0.163265306122449","0","0","0.510204081632653","0.163265306122449","0.163265306122449","0","0"
"725","08434","8227073","8238390","48","45.268","FALSE","0.0208333333333333","0.125","0","0","0.479166666666667","0.166666666666667","0.125","0.0416666666666667","0.0416666666666667"
"726","08434","8238390","8249858","49","45.872","FALSE","0","0.163265306122449","0.0204081632653061","0.0204081632653061","0.448979591836735","0.163265306122449","0.163265306122449","0.0204081632653061","0"
"727","08434","8249858","8261215","52","45.428","FALSE","0.0769230769230769","0.173076923076923","0.0384615384615385","0","0.192307692307692","0.192307692307692","0.230769230769231","0","0.0961538461538462"
"728","08434","8261215","8272470","50","45.02","FALSE","0.02","0.24","0","0","0.24","0.22","0.22","0","0.06"
"729","08434","8272470","8283863","50","45.572","FALSE","0.02","0.16","0.02","0","0.38","0.2","0.18","0.04","0"
"730","08434","8283863","8295318","51","45.82","FALSE","0.0392156862745098","0.235294117647059","0.0392156862745098","0.0196078431372549","0.137254901960784","0.215686274509804","0.254901960784314","0","0.0588235294117647"
"731","08434","8295318","8306632","51","45.256","FALSE","0","0.274509803921569","0.0196078431372549","0","0.0980392156862745","0.294117647058824","0.313725490196078","0","0"
"732","08434","8306632","8317893","52","45.044","FALSE","0.0769230769230769","0.230769230769231","0.0576923076923077","0","0.0576923076923077","0.230769230769231","0.269230769230769","0","0.0769230769230769"
"733","08434","8317893","8329187","49","45.176","FALSE","0","0.224489795918367","0","0","0.306122448979592","0.224489795918367","0.244897959183673","0","0"
"734","08434","8329187","8340662","54","45.9","FALSE","0.0185185185185185","0.203703703703704","0.037037037037037","0","0.203703703703704","0.203703703703704","0.240740740740741","0","0.0925925925925926"
"735","08434","8340662","8352113","49","45.804","FALSE","0.0408163265306122","0.183673469387755","0.0204081632653061","0","0.387755102040816","0.163265306122449","0.183673469387755","0","0.0204081632653061"
"736","08434","8352113","8363578","50","45.86","FALSE","0","0.18","0","0","0.46","0.18","0.18","0","0"
"737","08434","8363578","8374971","47","45.572","FALSE","0","0.106382978723404","0","0","0.680851063829787","0.106382978723404","0.106382978723404","0","0"
"738","08434","8374971","8386349","46","45.512","FALSE","0","0","0","0","1","0","0","0","0"
"739","08434","8386349","8397620","45","45.084","FALSE","0","0","0","0","1","0","0","0","0"
"740","08434","8397620","8409033","46","45.652","FALSE","0","0","0","0","1","0","0","0","0"
"741","08434","8409033","8420334","46","45.204","FALSE","0","0","0","0","1","0","0","0","0"
"742","08434","8420334","8431715","46","45.524","FALSE","0","0","0","0","1","0","0","0","0"
"743","08434","8431715","8443056","46","45.364","FALSE","0","0","0","0","1","0","0","0","0"
"744","08434","8443056","8454424","46","45.472","FALSE","0","0.0217391304347826","0","0","0.934782608695652","0.0217391304347826","0.0217391304347826","0","0"
"745","08434","8454424","8465679","46","45.02","FALSE","0","0","0","0","1","0","0","0","0"
"746","08434","8465679","8476949","46","45.08","FALSE","0","0","0","0","1","0","0","0","0"
"747","08434","8476949","8488259","46","45.24","FALSE","0","0","0","0","1","0","0","0","0"
"748","08434","8488259","8499728","45","45.876","FALSE","0","0","0","0","1","0","0","0","0"
"749","08434","8499728","8511035","46","45.228","FALSE","0","0","0","0","1","0","0","0","0"
"750","08434","8511035","8522383","47","45.392","FALSE","0","0","0","0","1","0","0","0","0"
"751","08434","8522383","8533688","46","45.22","FALSE","0","0","0","0","1","0","0","0","0"
"752","08434","8533688","8545167","47","45.916","FALSE","0","0","0","0","1","0","0","0","0"
"753","08434","8545167","8556575","46","45.632","FALSE","0","0","0","0","1","0","0","0","0"
"754","08434","8556575","8567836","46","45.044","FALSE","0","0","0","0","1","0","0","0","0"
"755","08434","8567836","8579210","46","45.496","FALSE","0","0","0","0","1","0","0","0","0"
"756","08434","8579210","8590649","47","45.756","FALSE","0","0","0","0","1","0","0","0","0"
"757","08434","8590649","8602098","46","45.796","FALSE","0","0","0","0","1","0","0","0","0"
"758","08434","8602098","8613355","46","45.028","FALSE","0","0.0217391304347826","0","0","0.934782608695652","0.0217391304347826","0.0217391304347826","0","0"
"759","08434","8613355","8624665","46","45.24","FALSE","0","0","0","0","1","0","0","0","0"
"760","08434","8624665","8636143","45","45.912","FALSE","0","0","0","0","1","0","0","0","0"
"761","08434","8636143","8647412","46","45.076","FALSE","0","0","0","0","1","0","0","0","0"
"762","08434","8647412","8658907","46","45.98","FALSE","0","0","0","0","1","0","0","0","0"
"763","08434","8658907","8670308","46","45.604","FALSE","0","0","0","0","1","0","0","0","0"
"764","08434","8670308","8681620","46","45.248","FALSE","0","0","0","0","1","0","0","0","0"
"765","08434","8681620","8693047","46","45.708","FALSE","0","0","0","0","1","0","0","0","0"
"766","08434","8693047","8704306","45","45.036","FALSE","0","0","0","0","1","0","0","0","0"
"767","08434","8704306","8715665","46","45.436","FALSE","0","0","0","0","1","0","0","0","0"
"768","08434","8715665","8727120","46","45.82","FALSE","0","0","0","0","1","0","0","0","0"
"769","08434","8727120","8738620","46","46","FALSE","0","0","0","0","1","0","0","0","0"
"770","08434","8738620","8749917","45","45.188","FALSE","0","0","0","0","1","0","0","0","0"
"771","08434","8749917","8761380","46","45.852","FALSE","0","0","0","0","1","0","0","0","0"
"772","08434","8761380","8772711","46","45.324","FALSE","0","0","0","0","1","0","0","0","0"
"773","08434","8772711","8784004","45","45.172","FALSE","0","0","0","0","1","0","0","0","0"
"774","08434","8784004","8795465","46","45.844","FALSE","0","0","0","0","1","0","0","0","0"
"775","08434","8795465","8806925","46","45.84","FALSE","0","0","0","0","1","0","0","0","0"
"776","08434","8806925","8818296","48","45.484","FALSE","0","0","0","0","1","0","0","0","0"
"777","08434","8818296","8829763","52","45.868","FALSE","0","0","0","0","1","0","0","0","0"
"778","08434","8829763","8841141","49","45.512","FALSE","0","0","0","0","1","0","0","0","0"
"779","08434","8841141","8852463","49","45.288","FALSE","0","0","0","0","1","0","0","0","0"
"780","08434","8852463","8863743","49","45.12","FALSE","0","0","0","0","1","0","0","0","0"
"781","08434","8863743","8875094","47","45.404","FALSE","0","0","0","0","1","0","0","0","0"
"782","08434","8875094","8886561","49","45.868","FALSE","0","0","0","0","1","0","0","0","0"
"783","08434","8886561","8898019","50","45.832","FALSE","0","0","0","0","1","0","0","0","0"
"784","08434","8898019","8909274","50","45.02","FALSE","0","0","0","0","1","0","0","0","0"
"785","08434","8909274","8920584","48","45.24","FALSE","0","0","0","0","1","0","0","0","0"
"786","08434","8920584","8932003","49","45.676","FALSE","0","0","0","0","1","0","0","0","0"
"787","08434","8932003","8943431","51","45.712","FALSE","0","0","0","0","1","0","0","0","0"
"788","08434","8943431","8954872","48","45.764","FALSE","0","0","0","0","1","0","0","0","0"
"789","08434","8954872","8966284","49","45.648","FALSE","0","0","0","0","1","0","0","0","0"
"790","08434","8966284","8977709","48","45.7","FALSE","0","0","0","0","1","0","0","0","0"
"791","08434","8977709","8989170","49","45.844","FALSE","0","0","0.0204081632653061","0.0204081632653061","0.816326530612245","0","0","0.0204081632653061","0.122448979591837"
"792","08434","8989170","8999836","45","42.664","FALSE","0","0.0222222222222222","0","0","0.933333333333333","0.0222222222222222","0.0222222222222222","0","0"
